file	bytes	sha256
additionallanterns-1.1.2-neoforge-mc1.21.jar	3041170	5cf36e4a49385c59f29d2b6a003438c8d761ae4d65544d85617e5a8f4d9c1ea0
AdvancedBackups-neoforge-1.21-3.7.1.jar	335656	50a3699f05952035bbbd2b5f3e9e11fcc43bfc9d5fee8c104b4ed7b32ef496be
AdvancementPlaques-1.21.1-neoforge-1.6.8.jar	195730	a24674330b8de59a02e0ebe4dd81fcff15d90e8c1cdcc32980d73c1cab050933
alexsmobs-1.22.17.jar	26620546	6e502855f79e4c9f2a11d560a9b88a3ab295aa378c44b0f0a0dd95f95d0301a6
AmbientSounds_NEOFORGE_v6.3.8_mc1.21.1.jar	84811632	07ee6fd24d8427ee079e2e376095b0ac92450b0153331f1575f8195e2c9cf90b
ancientreforging-1.8.5.jar	297552	73d0417b4833b24b01c420f431dca3bfc769e90c271197ba9f7a0955e39beea0
animated-apricorn-doors-compat-1.7.jar	77962	1443a4774ec96675b0d9e5327c151ceac99bf6133c840c2c8c00937cae54611e
Apotheosis-1.21.1-8.7.0.jar	7142458	7309165a2096f441a5b042836616b98ec260e2d8631e85774279dbad3b1982b7
ApothicAttributes-1.21.1-2.10.1.jar	323265	7f84ee803e9d4fef2858db28f552724dc0ea6c3943db111cc947d70aa2c9c159
ApothicEnchanting-1.21.1-1.6.0.jar	5420322	1003b0358282cd8bbb509273821371b92aa3671910de8eccb2fbe8064efb7180
ApothicSpawners-1.21.1-1.4.0.jar	129784	f0cbc52ad606997789c36fac94ae651ab7e2e21c841e26a952c64041cad9cdbe
appleskin-neoforge-mc1.21-3.0.9.jar	75804	38b48dd6231341c9f964ce6e42c57ec866c6cc8f72bec938390a59bafb3922df
architectury-13.0.11-neoforge.jar	584734	9cc92f2c09533fc5482c60f993bd891c655a0e32b637037cdcb7c2b23adedeeb
athena-neoforge-1.21.1-4.0.6.jar	99944	43699885bbce3343916d4c5c4940cf0e3f9f6f02fdeb46e8655e121b42282ec5
automodpack-mc1.21.1-neoforge-4.0.6.jar	15397914	e76570a113ac9cd7fecc85fc6d2323ef2e04318e4b7615d34519843adfe838f5
azurelib-neo-1.21.1-3.1.11.jar	877948	54c3a272716344e214d00ba4c338ce153ef997fe4e70aec3d80ef92037dbd1b1
baguettelib-1.21.1-NeoForge-2.0.3.jar	74380	98addfb68b1e92d4f40ef37cdea8f46217bf7188991cc7347a3fc510a410f1e5
balm-neoforge-1.21.1-21.0.65.jar	783793	490fa5fcb7ca83a9b5a84e33c2832298db99d189131001b9277a1de7fdc0bf91
bandagez-1.21.1-neoforge-0.2.5.jar	267220	b840d78ef5e3f0a61b66846638a4303ad60f7581eebd062ff888eff53f5e1a72
bellsandwhistles-0.4.7-1.21.1.jar	193619	a438cf2ea3a05120e12342484f1e12ca11526fbf4195d259ce1d7df8a9b3ffca
better-compatability-checker-neoforge-21.1.8.jar	25085	1ed1373aa54a486f19a0c68c7446fe39c227628e7f5048bff97917189307e7e8
BetterF3-11.0.3-NeoForge-1.21.1.jar	481646	1a97b6ca5c81b3b18d653f403929908e3b48bb1bdb6e8bd8559f89cf0294dc26
BetterThirdPerson-neoforge-1.9.0.jar	60941	2e74076c67a78f16d696ec9ad1e3138d6ed1418544b297dbe3f4ad9cd791d059
blur-neoforge-6.3.1+1.21.1.jar	211164	292f8a8f7bd29589634b574a9e61f9a08f4ed9417d39f32f5b55b2ac6c22156b
bookshelf-neoforge-1.21.1-21.1.81.jar	328813	19e88d40da2b6a114c2b808f7fb469d96e66a5379df0a8a43fcb7834498b3e76
bottleyourxp-1.21.1-3.5.jar	39410	e1d07221267aa93695fab3fd30f87a63cf304bdabc729ebfd859fc10f0c8be26
burnt_basic-1.10.4.2-neoforge-1.21.1.jar	21291015	802716263d753ed6dad244b3ce9ec241ef19a1cdac57c0bbe4736c79b075e7b9
c2me-neoforge-mc1.21.1-0.4.0-alpha.0.120.jar	3708380	67fe384ae84f947e999a02ebde5f5e7de3a632803304a625beee9c4268509a76
caelus-neoforge-7.0.1+1.21.1.jar	50235	432a645557f29de159d9edde2fd109f8e3b32ff30895b4fede04ee5f1a1a682f
Camerapture-1.10.12+mc1.21.1-neoforge.jar	1977667	053e003d136876bbde786a701e504495a47e48cf3cd176d2ab29120ce99d92d2
cardinal-components-api-6.1.3.jar	229645	302a8a4bc2e34cbffaf61af75ab5de47c06bfa159436665870ae61092b0f69a2
carryon-neoforge-1.21.1-2.2.6.13.jar	361486	d4f9576b6593db9486a89d35c1d84c31ee89141d99dbae2aa470350ab53c4e09
cbc_at_Neoforge_1.21.1_0.1.4c.jar	1438535	88fb40b3353308c90d68f4512b78b63fd7278d05915d9d8628cecab9508ee58f
chatanimation-neoforge-1.3.1+mc1.21.jar	1031865	fb5ae4bf5588af538f1e268c9f5b927c3c5efbefea3b4c86d74952c30c77804b
chat_heads-0.15.7-neoforge-1.21.jar	91948	02e10437ceeed34e14e0efe206204658e4b8aa8ee7df10f2a9e28ac20f1b0391
Chunky-NeoForge-1.4.23.jar	340572	d72f235cf1f56f2c374f52c00bdda5034524b28142305a84cfc123a3f92ad274
citadel-1.21.1-2.7.6.jar	3028943	9e12468c49e5a95b7adbf22b3b4d05bc55565989b89c40b985cd73bdfe63c3c2
Clavis-NEOFORGE-0.2.13+1.21.1.jar	322447	e939109015d5aaae6a50346f33fdd554baf50564f275aae67053a7f3d9504650
cloth-config-15.0.140-neoforge.jar	1163890	65e722e0d98431a07c45f8bdd8d529a217cc8c175fde1740248bd5c1b4f3c0d4
cluttered-[NeoForge]-3.0.3-1.21.1.jar	5404861	c1649584e178ce04b2ca923f4afcd5640f67cea7a122dc166f9a773db8683e8f
cobweb-neoforge-1.21-1.4.0.jar	410948	40c151dcee6a08decdd980a7c7ffed6ada292e77c3d2cd7aea2d01e5fa8d3b1c
collective-1.21.1-8.39.jar	1061931	ae59b63790c3097fb01e7801c21f3e7feed13b151c2ad993895196c74381a8fe
comforts-neoforge-9.0.5+1.21.1.jar	422658	6b0fd35a1349107e08a45539adbde9683bb203febc43a3305f6fc4ac73e59615
common-networking-neoforge-1.0.21-1.21.1.jar	26017	289bce2316fa0584bd0867322751da8bcbc9ac3ab991a2deea4fa140a13e4f3e
connectiblechains-neoforge-1.21.1-2.3.1.jar	227884	eb887559f581e0f8d871d00d8fdcce7218e954da7b2a2a26302a7af8d500c911
connector-2.0.0-beta.17+1.21.1-full.jar	4573244	ca70b57df3a7a4e8d211fea7ff3ae77e768482af374f26bf953ff5fd755564f0
Controlling-neoforge-1.21.1-19.0.5.jar	77555	cc525fb6b030d9e4d33176983f278919e17b33935e2ca568929bdfa98f2b44a0
coolrain-1.21.1-NeoForge-1.0.1.jar	4148178	16601370ae4ff30af749b69d6da2f11079a4c187aba1775568a13f8c03932d3a
copycats-3.0.4+mc.1.21.1-neoforge.jar	1791747	8480e2a62eaa625f75776831c1d8a9ef3d77d2d816fa2e67566c6ec25ba745d1
Corgilib-NeoForge-1.21.1-5.0.0.9.jar	309763	5e058a4fcb29a538821351081fcf10172fc707767756774afed1bf0e1953c7e3
coroutil-neoforge-1.21.0-1.3.8.jar	63981	9b32bcf2c793d33b93b5d4739c0dc4b64231025c7dc5fe40732b66d7cf4b2826
corpsecurioscompat-1.21.1-NeoForge-4.0.1.jar	23659	4fc4702868b51cbb94717f2c209373f2823fb1383a45c77ffdbeb6df96440d51
corpse-neoforge-1.21.1-1.1.13.jar	253694	80d984f0a17d968220129cc58edd5c9f28a5f61a84ec67dcc41228a46dfa4bb1
craftingtweaks-neoforge-1.21.1-21.1.10.jar	256064	f1667357c0b8d12486ea27c9fa3a8c9b77df5555bb891517b836bab77a930b28
create-1.21.1-6.0.10.jar	19123767	ef87fe5709f1ba1f5b8bb20a2925b5afb4669e178fd6d8bf10c167759eefe37a
createaddition-1.7.0.jar	1705668	c2fb25df2a47eb784997bccfea269aba01cff2399a0301c7483cd922e41c8929
create-aeronautics-bundled-1.21.1-1.3.1.jar	33121810	b531dbe1081ee354f6e47ba4e0443b9caa648dfb8c82013a591a20836245bd84
createbigcannons-5.11.7+mc.1.21.1.jar	3771506	ea017ab94637032d039899d88404838d173fa0e6286657cae6a6c3af459e87ca
create-central-kitchen-2.6.0.jar	488390	36df9749ca8a994c3b52284554307b47b990a18e43de347527726167614994cb
create_connected-1.3.2-mc1.21.1.jar	6779410	90bdceac63cb0ebd5e51351e22136182b996512edef937d0635d2857b0a3f24b
createdieselgenerators-1.21.1-1.3.15.jar	3154746	56ef1d574278fc311f1ffa223dbd613077b899354a18d01ae8dca2578a4e2990
CreateDragonsPlus-1.11.7b.jar	1038830	bdad8fae41888d161b7ef59ded32d5efcf3f80dd9f19fddaad38c24b139e6ee7
Create Encased-1.21.1-1.9.0-ht3.jar	3110804	e93bb110241ab8283c6238590eb04f1fb37199815623f53f3e981ee650f344a3
create_factory-0.7b-1.21.1.jar	212765	a2dc0e9dd3c894e1373512035a6483701827a42e1f3da334da9457c124639f6e
creategoggles-1.21.1-6.1.1-[NEOFORGE].jar	180932	f08ff14c72ff15de9b3c87200ad06115ff48c73ac21458e038d6e137e162a907
create_hypertube-0.6.0-NEOFORGE.jar	546142	7bdb8979c7ff7d3b29f7a23771b6ae4870a6dcb7ce2e4a3214fdd6059aacace8
create_jetpack-forge-5.2.1.jar	495109	cf99c1c4943230c6b1d88527da72c3a9db908d76bcaf4e3fefe345ac8a3c9081
createliquidfuel-2.1.1-1.21.1.jar	18140	ccd44b069962890352dfee442508880a37eecd3c5625d74d668dd6eb7d39ee3d
create_mechanical_spawner-1.21.1-1.3.2-6.0.10.jar	1215649	f963b0a4e450484b36ec0b5d529fa7f32527dcc60ec93261ceef5c056f0a9134
create-new-age-1.2.0+neoforge-mc1.21.1.jar	1644485	a217ea21ccc8364e99d86777e519436bc7c94516df9737ad0103047e48a44717
CreateNumismatics-1.0.20+neoforge-mc1.21.1.jar	693446	1375ba1b50e53fd09435029b5b2d5b94779ba397cca7e01180d07b0f624e5b9b
createoreexcavation-1.21-1.6.8.jar	476990	d3a2e1a6e65de7e50ae9e279de399b6535da407abc8e6b4688a56f2e461aab99
create_radar-0.4.9.4-1.21.1.jar	2990812	4554359fee389b1c255b4cef23ac41e978b2a371cec9e952185f4ec0a90ee930
create_rustic_structures-1.0.1-neoforge-1.21.1.jar	758491	96fa8fb53efd33586436d3ac411615754a573fe1f0a6d4c11c8b922126fb8fc6
create_structures_arise-176.49.48 NeoForge 1.21.1.jar	1817379	1d871fe9071da0cfae8664876b2efd6a7e9514eb94bb5be2380b231c01901d05
create_structures_overhaul-1.3.1-neoforge-1.21.1.jar	520441	7af090fb2610d120059c446e2d504e54ae2f8219dbbb438b349c0a23824ee59c
create-stuff-additions1.21.1_v2.1.4b.jar	1347181	4aee9a1af2754609ab31bfebf13dc0d7d648e61e440232dbf9bb3459941e23d5
create_tweaked_controllers-1.21.1-1.2.7.jar	303343	eda56263fabfcf4064dbaa8950a7f469775d4457dc807ee84ba29169690fda34
CreativeCore_NEOFORGE_v2.13.43_mc1.21.1.jar	1222856	267804e324812965c9b347c456067c6ed982b54148d130f7859fc5002ec97d5d
cristellib-neoforge-1.21.1-3.1.7.jar	583525	11e05dbc97bd3fe1790bd6361747240e314c1dbf40b590ea20cc691dc8396c38
cropsloverain-3.2.1.jar	35365	5e3d3f9bb3d5868529a05912a6dac187e70ba36e5c4f1bc5673e5d269eaa9fb0
cultofazazelneoforge-1.1.4.12.jar	10920502	e633ff5fd6ecf5dd36eccfdddb8ded606fbb33ba3ea9e5730f11446b18aa351a
curios-neoforge-9.5.1+1.21.1.jar	410690	a45df2125c26219974aba7507ffc9afe7b83acc941a386af3faacb1cc0056fde
Custom Nether Portals - Neoforge - MC 1.21.1- 2.0.0.jar	65691	9312b8fab52d322158c5ee7ca0db7c6d280b71862308db1227011a4fa44165e1
CutThrough-v21.1.0-1.21.1-NeoForge.jar	51371	9b01eb578d8ba1e6fd463e7cc5fad33c484e5cef1ffd9ed77ef9c02424c40801
darkpaintings-neoforge-1.21.1-21.1.7.jar	70307	9868fa609e4fccdf9153f21864e6592f26ebc79be9bfc223f100134e78ad78a7
Data_Anchor-neoforge-1.21.1-2.0.0.16.jar	119142	4965cdb056939f6298fed1ff2b1c2aa99c481fe0be3f4006a296abd11a5f9c0f
Decorative Lamps-1.21.1-1.7.4.jar	1223330	579b5ec287f486e3dc175c19302a5c96ec36b6f44df602b39531105258c7742f
deeperdarker-neoforge-1.21.1-1.4.1.jar	3906057	eee3f51222b0bcc714def002ff089ac9e131d3cae4575b542fd0a7dd101fe0af
deimos-1.21.1-neoforge-2.7.jar	49576	ee35d4e8967ccb23dee3c1a05b55c8d4ac0e0045bf8d324e215b397869af0573
diagonalblocks-neoforge-21.1.2.jar	145655	1467c278e082fa626c01197b8927e0a10bf65bf830d467e14728f7a8f6b4e23d
DiagonalFences-v21.1.1-1.21.1-NeoForge.jar	171557	361d1025a8a81f8e77d21da5332bd8390c80c316bae256f8513de97c9f6c9970
DiagonalWalls-v21.1.2-1.21.1-NeoForge.jar	167853	9ea9e986a09f72c5a40b0ec571c64b802e16f0b4d15b0be452c1d71ceddd1726
DiagonalWindows-v21.1.1-1.21.1-NeoForge.jar	172170	2c36dd055872aa7643f2a4cc787c998dcddf62910d17c4a166d250f6d55e6cbe
DistantHorizons-3.2.0-b-1.21.1-fabric-neoforge.jar	30207268	d6a7a963f794501678113e2545d8b25c90e123ef6b9256bb5716907d059e1ef5
DnDesires-1.21.1-2.3a-BETA.jar	1249099	d3f7f2384e8327c81671f2d48df15a0bba98ef04b727a430079cfc9145a7a379
do_a_barrel_roll-neoforge-3.7.3+1.21.jar	465787	e56395ebb26318c11f3a9474bba14518f17f4f2028683eb0aa9cdc7dacf124e2
door_knocking-1.0.1+1.21-neoforge.jar	310393	b0cca29297e3a6ef2e8d485aba4df223d915b7dbff78aecec86c85c18e2ba2b0
doubledoors-1.21.1-7.2.jar	75041	947cc425dba61a003fc6cfc9ce6bb87dbef1f2d4561701235eb2fed6073b72ff
dummmmmmy-neoforge-1.21-2.1.0.jar	214030	0b9aebae5437545681aa9931223f987f6b8c3019dd0157ec0a1b6cee227b46af
dungeons-and-taverns-v4.4.4.jar	24859622	1db28e89e0cb76aebe9e40955d1866e8ac1779575d15c2a1e250ac804a762d05
DungeonsArise-1.21.1-2.1.68-release.jar	11842679	7eee1eca7e3b2c6c1bede055934f391ae2e8349ffe33e106f451176d2cfcf0e4
DustyDecorations_1.21.1Neoforge_V1.13.jar	4977657	05f7a1d95d33281395fb5e0e38c7825f8d8137b418e4e567008f89244d7c5078
dynamiccrosshair-9.11+1.21.1-neoforge.jar	514029	2259d04512cccce9796e6975483e3ddf48f69678dbf42b7e9cff38da3095f4f0
dynamic-fps-3.11.4+minecraft-1.21.0-neoforge.jar	220193	78cb67c9faeff5d1cb4da48d41e48ecc47baddaaec0f792e6edc8207aee0ab8e
dynamictrees-neoforge-1.21.1-1.7.2.jar	3399913	ef94737b99e68a0b489b56f901fcc71a3ac8e7a16e3a22ac8413c5f66df566f0
EasyAnvils-v21.1.0-1.21.1-NeoForge.jar	152297	dcd0e562710a639b4fdd60a7500dc9404c6fbd1007215a088248ce1c57ccc6dc
elytraslot-neoforge-9.0.2+1.21.1.jar	65086	d86adf384390c40b144a296ef4fc11b72fd81e2780b264bd9ceb7b5ab9147399
emi-1.1.24+1.21.1+neoforge.jar	1111538	b68691f94f0727fc517cac2ab55bd6658d1179cc8cc715fe610b60c37469bc4c
endermanoverhaul-neoforge-1.21.1-2.0.3.jar	1330403	fe6c04dcfdbb8815058ebf1102d64cb4c86060a0a1b7350121e4a976d4a92248
Enhanced-Celestials-NeoForge-1.21.1-6.0.2.6.jar	1538905	e333e4b62d204c7aafe365331a940ed5af349ba24e529368e15970785ff65b75
EnhancedVisuals_NEOFORGE_v1.8.31_mc1.21.1.jar	4729971	8378c3981d9aae4cdb4b371e33b18efa772ade0d256a0ba85046d53dc13c37b4
entityculling-neoforge-1.10.5-mc1.21.1.jar	1585287	2eacd2bada39bf1d1ef695736646790c619c0e6cdeaf3d7e3cfc9139d26fae02
exposure-neoforge-1.21.1-1.9.18.jar	2192415	674c537a99f69b2bae53521c95dae59bc5f4eb2eb15418eec0ecbaf36b53d888
fairylights-neoforge-1.21.1-1.2.3.jar	628094	4881ef2f1247a26057a9257edae6d8dd6c175840f78ebf538e12b85c0de9515b
fallingleaves-1.21.1-2.5.1.jar	153343	3c03b49b5f35481d4baf61ec1fe04233b39cb5a34f7447be04f7d4efd2976834
FallingTree-1.21.1-1.21.1.11.jar	496356	b07cb3fe67d1f3bb66daf8836373614153790cfaa8c64fadbf53479d1b33cc54
fallingtrees-neoforge-1.21.1-0.14.0.jar	4086627	9d38cbc6e3e6bb5a2d909d816be3ecfd011f52d8f78589d28f2acb8822737d97
ferritecore-7.0.3-neoforge.jar	121559	d87ea28262715ebff45b8a82d493e6b468e7a4521bc021df5d88302196d030a8
fetzisasiandeco-neoforge-1.8.2-1.21.jar	19961510	761665b0fa55bab9c744c08fa501a3927e3aa2adaea852a3e5fc8a915633df35
fetzisdisplays-neoforge-1.1.1-1.21.jar	1394287	cec48e16f924b08613ddc6344a6008e23a9ea39ffa45b4a2417ed248bf153384
ForgeConfigAPIPort-v21.1.6-1.21.1-NeoForge.jar	104654	1fffe12e3e8343ef52d306ee29f7d6f6724d47a185a375c4a3c75aab3894c68d
forgified-fabric-api-0.116.15+2.3.3+1.21.1.jar	5613494	6d5d81d3203bde3c72c4702193ae1667b0a3a2272b002ce0a1dda5561af12b2d
FpsOverlay-neoforge-1.21.1-5.5.jar	103677	2840ead5a02c6c77edc8da712abfa480d29413424972b57a11b955d05ad28186
fragmentum-neoforge-1.21.1-2.4.2.jar	1937783	d80fc2f571f6a5f5b905c1d659f96d478c9489f93ca82064bf4066bc96728195
fusion-1.3.12-neoforge-mc1.21.1.jar	923270	17f5215648a98bcde4134577b013200dbf363273ae282449c51408ae8346f2fa
fzzy_config-0.7.6+1.21+neoforge.jar	2369895	4e5cc1438087b0bc0276969e88b9ad0bdf2bcc60d6caf5fe79e18947d7a29050
geckolib-neoforge-1.21.1-4.9.2.jar	630584	5e548466af9ab6aca7a91a7c7d4dc0dc8bc385e22958aed5da0e7bebd0fa3fba
giant_ice_spike-1.0.0-neoforge-1.21.1.jar	65786	ebbd0f83753dbcad7863234506336b75d138e3b266c70234550e6ea45247e5d0
guardvillagers-2.4.10-1.21.1.jar	283467	1e4e9b47a5f6580370d7e3056379eb0c36ec90bef6e014e098805ace1de980a4
handcrafted-elytra-server-1.0.3+mc1.21-11.jar	81915	eafec9d13aaceb39e6625954bc42ca0e61c7fd2acdf909a0dcb9cadf4e3feeb4
handcrafted-neoforge-1.21.1-4.0.3.jar	7132842	6f2a776fb28ed07d370899814e5e711fbeebe31396097d78a3b550439b364948
hardcorerevival-neoforge-1.21.1-21.1.19.jar	250966	e61511798d222e1ec1179db30600e854e5bd8ba2ff35784d54ca797a8b0c4db1
harvest-with-ease-neoforge-1.21-9.4.0.jar	483625	e42eed218468bfd244898b9776959155820d228f494c9638982a8aace229ebe8
Highlighter-1.21-neoforge-1.1.11.jar	30417	cc9480a383a8f9bcf2c6c3bfc913aa7e3b1b9ad1062c5180c4d0d281000c9f8b
highlight-neoforge-1.21-3.0.0.jar	460414	b1f4fab5bcfa82f74c5f7a3e61d6ef5fdc9415e3435f84f59fda5e2881eafcda
Icarus-NeoForge-4.7.8.jar	469388	209967fcce6e065ca68bfddd67a9a00ddddf7207b48bea08ffbc07befe69d253
Iceberg-1.21.1-neoforge-1.3.2.jar	213853	0d620c975619b04110b94a73d5b42d252563ff59c1eae9d21ab2ee7e38460a3c
imfast-NEOFORGE-1.0.2.jar	4157	b435fc21651883ede376ada684d196a1c93aae8f240bcd4d551fb0d8384db7fa
ImmediatelyFast-NeoForge-1.6.12+1.21.1.jar	362397	bfdf88bbb930f0d934f33253357b53840462fd7fa01779606b7e62eb6a471914
immersive_armors-1.7.6+1.21.1-neoforge.jar	1274167	e9b6f1975ca5e1d92d73f60c5a86fe2d45d6be43497e3c1d013afe495e298ccc
Immersive-weathering-V1.0.4-neoforge-beta.jar	2283529	3290e96d1df45b8e3fbdbc7027f86cdb72b4f3a4e8a26d62ffe2d504c57a3c4d
immersive-winds-1.21.1-0.9.jar	2276546	68da9fd28c7f55b6bf2d8554c5f1695fafef24f058de0542f701257bfc8db2cb
interiors-1.21.1-neoforge-0.6.1.jar	486912	0d1326fb8b67623ae1c69a63b788dcdcecaf8df400c7d8e5e55ace79a5166fe5
iris-neoforge-1.8.14-beta.1+mc1.21.1.jar	2540723	60d5f8bf52f25e9986440f4a4270a6bd986d9cff994510e1108ac1547063b314
IronDoorKey-NEOFORGE-1.21.1-1.2.1.jar	11232	9323753456834734671dc72984a8f03ccf3fc376aff46b9334f1b65024af3f6e
ItemBorders-1.21-neoforge-1.2.5.jar	23511	6ad3a4f3ea1c56fb8600db9cbdbe2de9c50b217f9981de134b44aab216da83b9
ItemPhysic_NEOFORGE_v1.8.13_mc1.21.1.jar	54529	e4b30c34523349695d1c0cccfd139d4eeb6b874770db6521ee954efa46eb2ac0
Jade-1.21.1-NeoForge-15.10.6.jar	726853	276f1f65a20d04f536989c4f311949d770b52c440c23c2b904a08860f3c93810
jei-1.21.1-neoforge-19.44.0.403.jar	1698112	31890ccbaf93cf90e2816b8f7cfb5a1340fe20bd8a1680a84e0050f7e07769bd
jupiter-2.3.7-1.21.1-neoforge.jar	278988	95af332af250f97fe2d9d288fe6b2057c266673a388348bf33756b0b693ace15
justplayerheads-1.21.1-4.4.jar	46371	a961f96d87052ab24d0b6bf042945a79e5c6cc48e15fddd53c94ef4edead5348
justzoom_neoforge_2.1.0_MC_1.21.1.jar	43798	83f1701f7802d4355e57f73c2751b29e4b760a4e2a18427504bbd9ce7090a0c1
konkrete_neoforge_1.9.9_MC_1.21.jar	618842	791c5538751dd3015ef3a2ce92d98719e1a28a48ebbd817b78506771256654cd
kotlinforforge-5.12.0-all.jar	7279264	2785a4dd6de5c6c56065fd8eb789c82771bd2ee773c30794c23160a3b2c39139
KotlinLangForge-2.12.2-k2.4.10-3.0+neoforge.jar	7982542	fba0188f1998a894f49f43fd718910dea97aa11c3a4b9553f5d0ba0767354d93
labels-neoforge-1.21-2.1.1.jar	108511	c0c94b4d2d56bbfd750781276337d86cfbc90308532909efa6634d3ec446960f
lambdynamiclights-4.8.10+1.21.1.jar	2022585	94e955443ce3817f798c74cbbbb4973e7b55c8b6dec12808b9378e74376b2eb9
LeavesBeGone-v21.1.1-1.21.1-NeoForge.jar	55937	ea85ad07672f7c2199c28fe58a80c354ef2f2c60bfb0315e3730c344068526e0
LegendaryTooltips-1.21.1-neoforge-1.5.5.jar	81808	8ba2bc2cb894e48d8e7520d41c72ef7f429659c3ee58b029f4899c760b958493
letsdo-beachparty-neoforge-2.1.4.jar	7759926	3a283e16bb6b7465a3863cfc4262797293de8d32d8bac85b5553e2d7f62781b4
letsdo-brewery-neoforge-2.1.9.jar	1656054	7abbc2bb43fa319d4893e84b145b2cc803e6e61f5e6f0c37ec4611567a07ed66
letsdo-farm_and_charm-neoforge-1.1.23.jar	2586013	85feb42399e37aff2edb78610dce75bf656032783b145b66fef78f677bf5c213
letsdo-meadow-neoforge-1.4.8.jar	2165946	f5d4a870b46f2952b7a04dad663cc4bdf8faad75e8951ba1551e85fd72d14402
letsdo-vinery-neoforge-1.5.3.jar	2001616	d0348d1bbf15cd7f8ec5821457887240150d073fb5f612bc70f9517515225d10
lifesteal-datapack-1.0.4.jar	89561	7bb47aa646b1c65053406b90848b280688c915cd5bc2928ecc58ccc5c6d75e8d
lithium-neoforge-0.15.4+mc1.21.1.jar	774220	488f33216030c1cb0baa33e59de3d657d08d5795a6c2080c8c8bbbc133fc8757
lithostitched-1.8.0+beta4-neoforge-21.1.jar	954028	f9bed6228565d69166ac85edbe6159e28674a687562964e5424a8c8a477d20c0
lootr-neoforge-1.21.1-1.11.38.123.jar	994419	2ef8ee998a5c224c2037cbfe488c2d66aa9522f1f0c32083c692741682ab58d9
malisisdoorsreborn-neoforge-1.21.1-1.0.5.jar	2579064	0d9a8b05a779a426cbac2a39bff6ab9b44d1aa4216f42ef943fd34ebb0f52ebb
mcw-bridges-3.1.2-mc1.21.1neoforge.jar	661387	070b817d3282760d9789b22ce13779613c8b558e02012fd5884d343175d88fd9
mcw-doors-1.1.5-mc1.21.1neoforge.jar	1190404	87261e309f5e10c9910169d5acbba613cab3a2d2270698b0bd47e657a45b0518
mcw-mcwfences-1.2.1-mc1.21.1neoforge.jar	673871	e4b0e5a5b67decc2285e71f017fb4f60284796fa0838de3edeaf6b7cb0395735
mcw-mcwpaths-1.1.1-mc1.21.1neoforge.jar	777742	f04b51518f75c8a7d5fe1be5589dbcb8a7b0d4f67373ca903578804d971b1286
mcw-mcwwindows-2.4.2-mc1.21.1neoforge.jar	1261268	8970c40ec622edd34c9b055226b403af08ab441c77303a6dc625ae18005f8184
mcw-paintings-1.1.0-mc1.21.1neoforge.jar	179058	fddf73508f3c98cadd9b3c1fe08d792141eb3db7f89134cf313ed175c3ba031c
mcw-trapdoors-1.1.5-mc1.21.1neoforge.jar	572870	1408d46bc2e7515b25b4da8393f8dbb3d79bcd9fb6d51fcf26fe84734c2597af
mechanicals-1.21.1-1.1.6.jar	2022181	0ce9bb97a68a2fc7340695eacd5b9898f2dc481dc6384df62bfb10c92c9de549
midnightlib-neoforge-1.9.3+1.21.1.jar	61217	76775d3a3f3a6a0304330cdd6a810944babc9bd7ebbdefa24ec3346a7c62a703
modernfix-neoforge-5.27.20+mc1.21.1.jar	599474	6f367ea4002c39e3cfe27e0a0be1008880a4b35a8482a78a437cfb9d8ee38273
ModernUI-NeoForge-1.21.1-3.13.0.1-universal.jar	25228113	258623778012daad6fdd8793add3324b970df62a07c477697c43fe85deef1db6
modonomicon-1.21.1-neoforge-1.120.4.jar	2399838	35d055e524c3491126ebe874984e8d77cb18460de4479d03a36d9f00404cc726
moonlight-1.21.1-3.3.5-neoforge.jar	2153540	497397ea3c198048ab6dab29c05bcc8cc06268744d3acf42be5c6f435c16d418
More Crafting Tables-neoforge-1.21-7.0.2.jar	540952	b9127226a6e13dbd5cc5ec9946602baf6b4702db08a7374860417136d0b21553
moreculling-neoforge-1.21.1-1.0.9.jar	335661	0b7000dac4bd8218074ece026f515d8cb24fcfd19c0e9eeb882209ab82f17657
morestatues-1.2.0.jar	271276	0f035770875c4743958030c13999de4e0b909d25efe406dd338ea5c05614c349
MouseTweaks-neoforge-mc1.21-2.26.1.jar	73938	68e6f4201c5de97b77929a7215c9552495696ca6a3bf3ae4eacc34e135f6cc8b
mowziesmobs-1.21.1-1.8.2.jar	36042925	b8e7e39fb6430326de7fbb193db56588ee8bd04d0054527924fe588f37131e4f
nemos-inventory-sorting-NeoForge-1.21.1-1.8.2.1.jar	81559	88dffb8cf37dbfbcffd856cd3400b7d5aaa1551a0bbb0e7445f4cd41f2404778
[Neoforge]ctov-3.6.3.jar	7139609	4815b19b83541f09cba556e222612bc5ddcc31f7c4ba2198f4b4d6376cca8b2e
netherportalfix-neoforge-1.21.1-21.1.1.jar	211972	242267afa324352130adb2263a5667e421c6f4c573ad0dfe0565971255ea5a1e
notenoughanimations-neoforge-1.12.4-mc1.21.1.jar	1939625	a8705202193813de291195ad6bbd03101c4ddc1ab2878aadb018ab92f903999f
Nullscape_1.21.x_v1.2.14.jar	355748	8749c6fdda659335e50116c18e012cdf8699b3789859c82559af2c6f425c93ae
nyfsspiders-neoforge-1.21.1-3.0.1.jar	186620	f427d974073292434afe04963b127d6dd8f93f70b4390253d7275fb68cf2b58a
occultism-1.21.1-neoforge-1.224.2.jar	6951475	0f73d75ce41fa0e4feef8f5ec06ee59e2a5738481b1100120bdcf0065e56f823
OctoLib-NEOFORGE-0.6.2+1.21.jar	544378	92ba07d9d9e55a65421f3c3f203c72fe5149cb024d5277267e81d812e11a7f38
open-parties-and-claims-neoforge-1.21.1-0.30.0.jar	1818245	c253c55b79a7b9248029ff9a2df5a962531bb9d29d5a088520af452305650b2d
orbital-beam-addon-1.0.0.jar	5330	e71c02934019b4c081ee84ae8ccf1508757286f9967c7679f8e09f15a31a72ff
orbital_railgun-1.0+1.21.1.jar	860525	b5c431cb66db64a6311b62af8dfd30267b35ad2e2beef341261b7a46d2277a81
origins-0.3.jar	2135934	7c1a5ae984791aae54397e0cd33f7e57eea063bc3a4ac8d6d7effbb58ad62881
oritech-neoforge-1.21.1-1.2.10.jar	10990540	7c17c78ac55d9cbb71a9108a2bec7e2659192e08c5a1b49026088f875dbde821
pandalib-neoforge-1.21.1-0.6.0.jar	7903071	88402bd0fab55d4ca5cee963ccff4d2d675e38ca3356505628bd9d50012925c8
particlerain-4.0.0-beta.10+1.21.1-neoforge.jar	605458	ef835ede1d24ba24371f1d77520a66c8010adf8c5f538a54099a14b13ae2e307
Patchouli-1.21.1-93-NEOFORGE.jar	646777	959af52ed6640c316c3a8469203420be4aeea11ad6603890ba83bf48f5d9f993
Pehkui-3.8.3+1.21-neoforge.jar	507568	50aab835b0f98dedf33383483b021789c2991786f02b00e6d1b7152dc43570ec
PickUpNotifier-v21.1.1-1.21.1-NeoForge.jar	97094	b49535698de9c7b5a879c8ec99175771d87d5261d5cc4c6152ba1fa51fc5676a
Placebo-1.21.1-9.9.2.jar	324058	1a844a5b081813b1edb82656329e54d38389ed470f6a6516a5887f5303d7daad
polymorph-neoforge-1.1.0+1.21.1.jar	174972	bec8118978adeb052de9c4eaf9a595830621d82515a764f32f9c8a4dd52ab94b
PresenceFootsteps-1.21.1-1.12.0-beta.1-1.21NeoForge.jar	7096988	ded9ea8677f407cbf280b0ee33866ae70859a7c476ef0f60fd35a9be2ee9b91a
prickle-neoforge-1.21.1-21.1.11.jar	84812	ccf46c442ed3c7fe41ad056f0940560829ec4dd88360985dfacd78f4614eb167
Prism-1.21.1-neoforge-1.0.11.jar	62031	b6a1e585416c48d7d9fa53fc12c67122ad1f3a6965202b51d4e2c643ffca61c2
punchy-2.7c-neoforge-1.21.1.jar	1799504	da085123fc17c05d9aff48dc18fad07c3c92ca6879afa55a17e1503993762869
PuzzlesLib-v21.1.52-1.21.1-NeoForge.jar	1425176	00069866c4c6bb67ee5192d1b425d46e6a1601dc598e61bd10b67ba5fa8b029c
rare-ice-neoforge-0.7.0.jar	46256	72c7601bf5c49bf66c2dbeb142b4dd03bcb243e4186fa1d5d0aaab7a0518cd0c
realcamera-1.21.1-neoforge-0.7.8-beta.jar	268187	099d1296ee323919b379808ecc5ee39cfc3bafb7428b7bf22326738aa7a477a3
rechiseled-1.2.5-neoforge-mc1.21.jar	11498611	7bf14cf8a4bfdc4b6c990126a75da29fd2bb7559d1c05b71e29c8fd5ae044435
reeses-sodium-options-neoforge-2.2.3+mc1.21.1.jar	260876	25812f308a87c04686de6ac9f24a8073101f81864f0eb9abf348f95d73a6629e
resourcefulconfig-neoforge-1.21-3.0.11.jar	341009	25b4f3502d25c535004acd4a9420272fff01d2f1e2df352239fec93fdab005d4
resourcefullib-neoforge-1.21-3.0.12.jar	484332	5e36f2c69de008dc5795f730c84ab767688f15c810944b585485349a0c911261
ritchiesprojectilelib-2.1.2+mc.1.21.1-neoforge.jar	76369	cc509060833736fb650aa4c36b1ce33a7eeeb9ca6e9f8e80a7c951c9e7487b24
sable-neoforge-1.21.1-2.0.5.jar	12986136	c8710f85bc780bbf523e6726ceaaf76dd0b8c61479db497b382c6bb34317e7ab
Searchables-neoforge-1.21.1-1.0.2.jar	77326	ca193f0c69033d8f709f9e073a7c1ef4ea46714e5c2f94eb23ace12781c6aa68
simplyswords-neoforge-1.63.0-1.21.1.jar	12617777	4619dcf1501fc82c1a52acd4c88a466436f5c1d7d2bccc0932912a12b0bc5198
SimplyTooltips-neoforge-0.1.3.jar	5320037	ea21464cfd363efe2965cdf801b82b37ecda83e93051193f4830783ead723518
skinlayers3d-neoforge-1.11.2-mc1.21.1.jar	1979027	21724b7f676696f8d3716142406440adba9e63fc6519eeadc2b7ee8aae64c760
SmartBrainLib-neoforge-1.21.1-1.16.11.jar	391053	68036561cc5511766d54cc0deabc3fc3a5e68f9e3db2478f2574ec82b494374b
snatched-1.2.1-neoforge-1.21.1.jar	1559466	d659684d7dc1d810c702d8c9f984e03ebf45bb2e507d617826553140a18b8f67
sodium-extra-neoforge-0.9.3+mc1.21.1.jar	465013	fa553bce38bad6fdd478841a270a79a31dc05f87d7892b1cf839850602ac9186
sodium-neoforge-0.8.13-beta.2+mc1.21.1.jar	1292887	72eb00f2a0bd9d21e9b7b0e4abc8f4a399287fc0ce5dced75968a3e2461e8919
sootychimneys-neoforge-1.3.5.jar	175697	e492f89c632b423c60f2a6f91386133f3a31e6e02ea9970f9ef30ece5fce41d4
sophisticatedbackpacks-1.21.1-3.25.77.2086.jar	1172284	f1a7cc292dcc2bf96d5a63a595517aaabc565a5be7decba8846f4bd519604d10
sophisticatedcore-1.21.1-1.4.87.2270.jar	1686878	38b647081199d433738871544832f6361221581d4da368cf8a847ff38b71aba6
sound-physics-remastered-neoforge-1.21.1-1.5.1.jar	202454	bddc71ecd4f074a101eb3785599d13c69e64025e1029aa0fd0a28fcf9bccf2ea
Sparkweave-NeoForge-0.510.0.jar	258538	a19fafd9d5480e4a55d2c1d933d8355232d62353c396ed2b0c270f0051a12474
spawnanimations-v1.11.5-mc1.17-26.2.9-mod.jar	226189	996268e024c6fd0fb252400d4528caf5201a69c887b7ce1960b03d6335647df5
spruceui-6.2.5+1.21.1-mojmap.jar	201761	15418bb0e4c51cff535ad93a00762d270f94f3dc47cbb4d9436770e13745d37d
spudaciousshops-1.10.3-neoforge-1.21.1.jar	916215	6ff47b3b656aba56142d1f9793c94a20b9584d8827ee7efccc6d7831f3a356b9
starcatcher-3.0.6-NEOFORGE-1.21.1.jar	3880369	2df178b025d13ed8af8830d796b42b371261aeff4e4c97c8e48f15acb0178db3
subphysicsstaff-0.1.1b.jar	1209910	4c6154526ac9d90149f9516757c615793a0ea307b6ef88f1b924ac2b5394a00c
SubtleEffects-neoforge-1.21.1-1.14.3.jar	3306773	78fd24ecaadee01746ecc4cf598284923e762e25964311e86a67aa30cd3c2b67
supermartijn642configlib-1.1.8-neoforge-mc1.21.jar	207514	d2ba7b839a2268e4e223457e813d11aa2476c3bf708a7bba691d8fc851778a4b
supermartijn642corelib-1.1.24-neoforge-mc1.21.jar	560783	22884e7c6b7c4847e7bb97fbfa61b5f836b7909bb468e7637f6788be56e59f00
supplementaries-1.21.1-3.8.9-neoforge.jar	13485304	aa418cb320104f6371ba5b3bb1a7c34568f7ff4226a34387ca87409d20ec1f4b
t_and_t-fabric-neoforge-1.13.11.jar	3553006	270fc0d1c99e54bc15f43d64bdaac60a90cb896efc357af624988e677136440f
toms_storage-1.21-2.4.1.jar	855813	bb31b1ca0f6421f2828658b003f552d278b95daaf827c0f41a6d080ed7e2614f
tooltipoverhaul-neoforge-1.21.1-1.5.1.jar	574348	2761738e610763386d4c4cba2a77fcbf976aefeb42b4cbd6e3807a6c1a1744cf
tool-trims-v3.0.7-for-1.21.1.jar	1441954	8af1c33d9d16d740a4482ed0cbf4b9e1a2a4eff57acd9a6b51027c3132b080af
totem-of-undying-crafting-1.0.jar	4463	56c0f3106f8d177cebf9eff654d22c76487aab41965a303e8b7d6a9af3e268c1
totw_modded-neoforge-1.21-1.0.9.jar	281334	64ff8d5a1bd9efb7c3f2974c07176145ce760b25a5b62be0eecc597151be928a
trade-cycling-neoforge-1.21.1-1.0.18.jar	85732	dc1dc7ddcff62689e6d02212dbae33e54ecd906242bd8c2700be25e63aa93bba
trashcans-1.1.0-neoforge-mc1.21.jar	167687	6b6bf375c71d97fd8d76036e0e4829c477626e3cc5f44612fd5adf5d5d9f9dd7
trashslot-neoforge-1.21.1-21.1.11.jar	77535	61fdb5de0fc3d36db0e5dd82c2e03341e449bbc47ce13eeab834b05596b7bb5b
treasurelevelmobs-1.1.4-neoforge-1.21.1.jar	415042	2d3ccfb4639b3f472f745e32c41aa2ce3979fbde4a6965a240d089d92735ae2c
trinkets-3.10.0.jar	272944	349fd2aa8930b232050ee5304db55e4ef738b017971afe7c84acd589a95fda2f
trmt-0.5.1-1.21.1-neoforge.jar	130176	587ffebf3ac00e6a4740502aca4ab25d929d425c945841db76a3d40556cf1682
uiinpuis-craftable-invisible-item-frames-V2.0.jar	4468	b031ca95e1bdbf765ff9b5ac2a91ccace9d7100dad30649fdbca9271cdda79db
UniversalBoneMeal-v21.1.0-1.21.1-NeoForge.jar	88949	18bcaeffe41f50babd00211d81e072a0986437b55780cc978a8ae10a53974cbc
veil-neoforge-1.21.1-4.4.1.jar	3382234	2ff0bf91152612734fc35856e90da24024cd9f919fb94572536d96cc50c8baef
veinminer-neoforge-2.11.2+1.21.1.jar	616301	2d70ecdbf24b7e5e3ab6f19715dcb37d956931e0b65e7026b4d5524e002c46e4
visuality-forge-3.0.0.jar	132898	d9d25b3d89d24034ba8dd0d0d4d8c6e596728427f02b8248a6e429d6e585b579
watut-neoforge-1.21.0-1.2.7.jar	432269	b1aac4b9832e16439ee86f27814f7b6a42f2f6bea0ea6949dfffffcd0599d88c
waveycapes-neoforge-1.10.2-mc1.21.1.jar	1848323	54b6dc54a51cf174b6fb750a28393171a395052b2d95b0241bbff207b146ebdf
weaponmaster_ydm-1.21.1-neoforge-4.2.7.jar	344392	af0de505aef99fa9feca6b969932b28b834f4663dcb95c12bf65dccbe304a605
worldedit-mod-7.3.8.jar	6222854	5e7752c97876d87411e3760bcc573cc431f43c453722e6959fa7fe54db1b01ca
xaerominimap-neoforge-1.21.1-26.4.2.jar	2185409	b722bcf794288f0ed51165cd1f057fc4505e20abbc723b2e17e900426e443603
xaeroworldmap-neoforge-1.21.1-1.44.2.jar	1418918	2c4089c2f9132b85749a18920d6e2098744f61fe98854fcff2e3768f2d7269fa
yet_another_config_lib_v3-3.8.2+1.21.1-neoforge.jar	1118651	b5c30321b46cfaa521645a04aff89d2804d8167a25bb23ad4b1ae8da73093a2f
yumi-mc-foundation-1.0.0-beta.1+1.21.1-mojmap.jar	167606	c86dc42c5ced2b9a8541260f38fc49a03f2af1033f7a947578b3908c8d55f34d
YungsApi-1.21.1-NeoForge-5.1.6.jar	388678	08e1d21690d3213a4c62de6b6cf79f3527afb2e72e0cad0e1848d46eb8f682ca
YungsBetterJungleTemples-1.21.1-NeoForge-3.1.2.jar	795839	a0d57b78c7a1891796f342b1f09c214bc27bedf0a3a894f029dfdb2db9f813d0
YungsBetterMineshafts-1.21.1-NeoForge-5.1.1.jar	493967	5625930dfb3240820d6e4ecf55fff0c39f70ce782fad117a4d418251184c7be0
YungsBetterNetherFortresses-1.21.1-NeoForge-3.1.5.jar	609639	5450a64a7036237f449496837e08f3e5b3aa1d7974a10df43944172def75d8ff
YungsBetterOceanMonuments-1.21.1-NeoForge-4.1.2.jar	1025571	cdcf8fe0e08c75261048d43c6ed4898972d23e096dd04a2524c136f06416ab02
YungsBetterStrongholds-1.21.1-NeoForge-5.1.3.jar	461244	a9cab2fc01538368862365691f7d215309801aed0b390351681b6b60a1db7b58
